application,parameter,minimum_value,maximum_value,unit,required_category,requirement_description,source,source_type,source_url
Stationary energy storage,current_capacity_kwh,10,,kWh,,Illustrative minimum current capacity for screening,Project screening criterion (assumption),Project assumption,
Stationary energy storage,state_of_health_percent,70,100,%,,Illustrative minimum user-entered SOH for screening,Project screening criterion (assumption),Project assumption,
Stationary energy storage,damage_status,,,,None reported,Damage must be reported as none for screening,Project screening criterion (assumption),Project assumption,
Stationary energy storage,inspection_status,,,,Completed,Inspection must be completed for screening,Project screening criterion (assumption),Project assumption,
Backup power,current_capacity_kwh,5,,kWh,,Illustrative minimum current capacity for screening,Project screening criterion (assumption),Project assumption,
Backup power,state_of_health_percent,60,100,%,,Illustrative minimum user-entered SOH for screening,Project screening criterion (assumption),Project assumption,
Backup power,damage_status,,,,None reported,Damage must be reported as none for screening,Project screening criterion (assumption),Project assumption,
Backup power,inspection_status,,,,Completed,Inspection must be completed for screening,Project screening criterion (assumption),Project assumption,
Lighting systems,current_capacity_kwh,1,,kWh,,Illustrative minimum current capacity for screening,Project screening criterion (assumption),Project assumption,
Lighting systems,state_of_health_percent,50,100,%,,Illustrative minimum user-entered SOH for screening,Project screening criterion (assumption),Project assumption,
Lighting systems,damage_status,,,,None reported,Damage must be reported as none for screening,Project screening criterion (assumption),Project assumption,
Lighting systems,inspection_status,,,,Completed,Inspection must be completed for screening,Project screening criterion (assumption),Project assumption,
Remote / low-power systems,current_capacity_kwh,2,,kWh,,Illustrative minimum current capacity for screening,Project screening criterion (assumption),Project assumption,
Remote / low-power systems,state_of_health_percent,50,100,%,,Illustrative minimum user-entered SOH for screening,Project screening criterion (assumption),Project assumption,
Remote / low-power systems,damage_status,,,,None reported,Damage must be reported as none for screening,Project screening criterion (assumption),Project assumption,
Remote / low-power systems,inspection_status,,,,Completed,Inspection must be completed for screening,Project screening criterion (assumption),Project assumption,
Emergency / resilience,current_capacity_kwh,5,,kWh,,Illustrative minimum current capacity for screening,Project screening criterion (assumption),Project assumption,
Emergency / resilience,state_of_health_percent,60,100,%,,Illustrative minimum user-entered SOH for screening,Project screening criterion (assumption),Project assumption,
Emergency / resilience,damage_status,,,,None reported,Damage must be reported as none for screening,Project screening criterion (assumption),Project assumption,
Emergency / resilience,inspection_status,,,,Completed,Inspection must be completed for screening,Project screening criterion (assumption),Project assumption,
